Workbook
Name Achieved_Values: 'Monetary Metrics Analysis'!$A$8:$D$12
Name Invoiced_Values: 'Monetary Metrics Analysis'!$A$14:$B$19
Name Target_Values: 'Monetary Metrics Analysis'!$A$3:$B$6

Sheet Monetary Metrics Analysis
A3: Target Values
A4: New | B4: 19673793
A5: Cross Sell | B5: 20083111
A6: Renewal | B6: 12319455
A8: Achieved Values | B8: Total Brokerage | C8: Total Fee | D8: Total Achieved
A9: Cross Sell | B9: 11393323 | C9: 396480 | D9: =SUM(B9:C9) -> 11789803
A10: New | B10: 3159920.1 | C10: 100000 | D10: =SUM(B10:C10) -> 3259920.1
A11: Renewal | B11: 18414614 | C11: 18051 | D11: =SUM(B11:C11) -> 18432665
A12: (blank) | B12: 1558.76 | D12: =SUM(B12:C12) -> 1558.76
A14: Invoiced Values | B14: Total Invoice
A15: Cross Sell | B15: 2853842
A16: New | B16: 569815
A17: Renewal | B17: 8244310
A18: (blank) | B18: 594739
A19: Grand Total | B19: 12262706
A22: New | B22: Total | C22: In Millions
A23: Invoice | B23: =B16 -> 569815 | C23: =_xlfn.CONCAT("$",ROUND(B23/1000000,1),"M") -> $0.6M
A24: Achieved | B24: =D10 -> 3259920.1 | C24: =_xlfn.CONCAT("$",ROUND(B24/1000000,1),"M") -> $3.3M
A25: Target | B25: =B4 -> 19673793 | C25: =_xlfn.CONCAT("$",ROUND(B25/1000000,1),"M") -> $19.7M
A27: Cross Sell | B27: Total | C27: In Millions
A28: Invoice | B28: =B15 -> 2853842 | C28: =_xlfn.CONCAT("$",ROUND(B28/1000000,1),"M") -> $2.9M
A29: Achieved | B29: =D9 -> 11789803 | C29: =_xlfn.CONCAT("$",ROUND(B29/1000000,1),"M") -> $11.8M
A30: Target | B30: =B5 -> 20083111 | C30: =_xlfn.CONCAT("$",ROUND(B30/1000000,1),"M") -> $20.1M
A32: Renewal | B32: Total | C32: In Millions
A33: Invoice | B33: =B17 -> 8244310 | C33: =_xlfn.CONCAT("$",ROUND(B33/1000000,1),"M") -> $8.2M
A34: Achieved | B34: =D11 -> 18432665 | C34: =_xlfn.CONCAT("$",ROUND(B34/1000000,1),"M") -> $18.4M
A35: Target | B35: =B6 -> 12319455 | C35: =_xlfn.CONCAT("$",ROUND(B35/1000000,1),"M") -> $12.3M
A37: New Placed Achievement % | D37: =B24/B25 -> 0.16569861
A38: Cross SellPlaced Achievement % | D38: =B29/B30 -> 0.58705063
A39: Renewal Placed Achievement % | D39: =B34/B35 -> 1.496224
A40: New Invoice Achievement % | D40: =B23/B25 -> 0.028963149
A41: Cross Sell Invoice Achievement % | D41: =B28/B30 -> 0.14210159
A42: Renewal Invoice Achievement % | D42: =B33/B35 -> 0.66921061

Sheet Count Analysis
B1: Meeting count
B2: 2019 | C2: 2020
A3: Number of Meetings | B3: 3 | C3: 31
A5: Yearly Meeting Count
A6: 2019 | B6: 2020
A7: =B3 -> 3 | B7: =C3 -> 31
A9: Account Executive | B9: Number of Meetings
A10: Raju Kumar | B10: 2
A11: Mark | B11: 2
A12: Manish Sharma | B12: 3
A13: Gilbert | B13: 3
A14: Animesh Rawat | B14: 4
A15: Ketan Jain | B15: 4
A16: Shivani Sharma | B16: 4
A17: Vinay | B17: 5
A18: Abhinav Shivam | B18: 7
A20: Meetings by Account Executive | B20: Count
A21: =A10 -> Raju Kumar | B21: =B10 -> 2
A22: =A11 -> Mark | B22: =B11 -> 2
A23: =A12 -> Manish Sharma | B23: =B12 -> 3
A24: =A13 -> Gilbert | B24: =B13 -> 3
A25: =A14 -> Animesh Rawat | B25: =B14 -> 4
A26: =A15 -> Ketan Jain | B26: =B15 -> 4
A27: =A16 -> Shivani Sharma | B27: =B16 -> 4
A28: =A17 -> Vinay | B28: =B17 -> 5
A29: =A18 -> Abhinav Shivam | B29: =B18 -> 7
A31: stage | B31: (Multiple Items)
A33: Count of opportunity_id
A34: 44
A36: Count of opportunity_id
A37: 49
A39: Conversion Ratio
A40: =(A37 - A34)/ A37 -> 0.10204082

Sheet Invoice Count Analysis
A3: Count of Invoice by Account Executive | B3: Column Labels
A4: Row Labels | B4: Cross Sell | C4: New | D4: Renewal | E4: Null | F4: Grand Total
A5: Neel Jain | C5: 1 | F5: 1
A6: Mark | B6: 2 | F6: 2
A7: Gautam Murkunde | D7: 3 | E7: 1 | F7: 4
A8: Abhinav Shivam | B8: 10 | F8: 10
A9: Shloka Shelat | C9: 7 | D9: 3 | F9: 10
A10: Shobhit Agarwal | C10: 8 | E10: 4 | F10: 12
A11: Vinay | B11: 19 | F11: 19
A12: Animesh Rawat | B12: 20 | F12: 20
A13: Vidit Shah | B13: 12 | D13: 15 | F13: 27
A14: Ankita Shah | D14: 18 | E14: 18 | F14: 36
A15: Divya Dhingra | D15: 58 | E15: 5 | F15: 63
A16: Grand Total | B16: 63 | C16: 16 | D16: 97 | E16: 28 | F16: 204

Sheet OppurtunityPolicy Analysis
A3: Row Labels | B3: Sum of revenue_amount
A4: CVP GMC | B4: 350000
A5: DB -Mega Policy | B5: 400000
A6: EL-Group Mediclaim | B6: 400000
A7: Fire | B7: 500000
A8: Grand Total | B8: 1650000

Sheet Oppurtunity Analysis
A1: Stage | B1: Revenue
A2: Qualify Opportunity | B2: 5919500
A3: Negotiate | B3: 899000
A4: Propose Solution | B4: 60000
A5: Grand Total | B5: 6878500
A7: Stage | B7: Revenue
A8: =A2 -> Qualify Opportunity | B8: =B2 -> 5919500
A9: =A3 -> Negotiate | B9: =B3 -> 899000
A10: =A4 -> Propose Solution | B10: =B4 -> 60000
A13: Product Group | B13: Count of opportunity_id
A14: Employee Benefits | B14: 15
A15: Engineering | B15: 6
A16: Fire | B16: 13
A17: Liability | B17: 5
A18: Marine | B18: 7
A19: Miscellaneous | B19: 2
A20: Terrorism | B20: 1
A21: Grand Total | B21: 49

Sheet Open Oppurtunity Analysis
A1: stage | B1: (Multiple Items)
A3: Row Labels | B3: Sum of revenue_amount
A4: DB -Mega Policy | B4: 400000
A5: EL-Group Mediclaim | B5: 400000
A6: CVP GMC | B6: 350000
A7: BE-Mega policy | B7: 300000
A8: Grand Total | B8: 1450000

Sheet Dashboard
A1: Weekly Branch Dashboard
A14: ='Monetary Metrics Analysis'!A38 -> Cross SellPlaced Achievement % | D14: ='Monetary Metrics Analysis'!A41 -> Cross Sell Invoice Achievement % | G14: ='Monetary Metrics Analysis'!A37 -> New Placed Achievement % | J14: ='Monetary Metrics Analysis'!A40 -> New Invoice Achievement % | M14: ='Monetary Metrics Analysis'!A39 -> Renewal Placed Achievement % | P14: ='Monetary Metrics Analysis'!A42 -> Renewal Invoice Achievement %
A15: ='Monetary Metrics Analysis'!D38 -> 0.58705063 | D15: ='Monetary Metrics Analysis'!D41 -> 0.14210159 | G15: ='Monetary Metrics Analysis'!D37 -> 0.16569861 | J15: ='Monetary Metrics Analysis'!D40 -> 0.028963149 | M15: ='Monetary Metrics Analysis'!D39 -> 1.496224 | P15: ='Monetary Metrics Analysis'!D42 -> 0.66921061
A17: Yearly Meeting Count | G17: No of Invoice by Account Executive | M17: =GETPIVOTDATA("[Measures].[Count of opportunity_id]",'Count Analysis'!$A$36) -> 49 | P17: =GETPIVOTDATA("[Measures].[Count of opportunity_id]",'Count Analysis'!$A$33) -> 44
A19: ='Count Analysis'!A6 -> 2019 | D19: ='Count Analysis'!B6 -> 2020 | M19: Total Oppurtunities | P19: Total Open Oppurtunities
A20: ='Count Analysis'!A7 -> 3 | D20: ='Count Analysis'!B7 -> 31
A21: No of Meeting by Account Executive
A33: Stage Funnel by Revenue | J33: Open Oppurtunity - Top 4
